,Feed Consumed ,,,,,,,,,,,,,,,,,,,,,,,,,,,,,,,,,,,,,,,,,,,,,,,,,,,
Packing Size,Gunny Quantity,Total Weight (kg),,,,,,,,,,,,,,,,,,,,,,,,,,,,,,,,,,,,,,,,,,,,,,,,,,
25,14,350,,,,,,,,,,,,,,,,,,,,,,,,,,,,,,,,,,,,,,,,,,,,,,,,,,
20,257.5,"5,150",,,,,,,,,,,,,,,,,,,,,,,,,,,,,,,,,,,,,,,,,,,,,,,,,,
Total:,271.5,"5,500",,,,,,,,,,,,,,,,,,,,,,,,,,,,,,,,,,,,,,,,,,,,,,,,,,
,,,,,,,,,,,,,,,,,,,,,,,,,,,,,,,,,,,,,,,,,,,,,,,,,,,,
,Dead Fish Record,,,,,,,,,,,,,,,,,,,,,,,,,,,,,,,,,,,,,,,,,,,,,,,,,,,
Month, Tail,Average weight/tail ,Kg,Fish Feed Cost (RM),,,,,,,,,,,,,,,,,,,,,,,,,,,,,,,,,,,,,,,,,,,,,,,,
0,1,0.0001,0.0001,RM87.00,,,,,,,,,,,,,,,,,,,,,,,,,,,,,,,,,,,,,,,,,,,,,,,,
1,18,0.005,0.09,RM435.00,,,,,,,,,,,,,,,,,,,,,,,,,,,,,,,,,,,,,,,,,,,,,,,,
2,6,0.05,0.3,"RM1,545.75",,,,,,,,,,,,,,,,,,,,,,,,,,,,,,,,,,,,,,,,,,,,,,,,
3,12,0.15,1.8,"RM3,078.00",,,,,,,,,,,,,,,,,,,,,,,,,,,,,,,,,,,,,,,,,,,,,,,,
4,6,0.25,1.5,"RM2,835.00",,,,,,,,,,,,,,,,,,,,,,,,,,,,,,,,,,,,,,,,,,,,,,,,
5,5,0.4,2,"RM2,745.50",,,,,,,,,,,,,,,,,,,,,,,,,,,,,,,,,,,,,,,,,,,,,,,,
6,2,0.6,1.2,"RM3,079.00",,,,,,,,,,,,,,,,,,,,,,,,,,,,,,,,,,,,,,,,,,,,,,,,
7,7,0.8,5.6,"RM3,535.00",,,,,,,,,,,,,,,,,,,,,,,,,,,,,,,,,,,,,,,,,,,,,,,,
8,1,1,1,"RM4,174.00",,,,,,,,,,,,,,,,,,,,,,,,,,,,,,,,,,,,,,,,,,,,,,,,
9,,1,,,,,,,,,,,,,,,,,,,,,,,,,,,,,,,,,,,,,,,,,,,,,,,,,,
,58,,13.4901,"RM21,514.25",,,,,,,,,,,,,,,,,,,,,,,,,,,,,,,,,,,,,,,,,,,,,,,,
,,,,,,,,,,,,,,,,,,,,,,,,,,,,,,,,,,,,,,,,,,,,,,,,,,,,
Total Feed Consumed Amount,Feed Conversion Ratio,Estimated Total Fish Weight,Total Fish Weight,Total Estimated Weight to Harvest,,,,,,,,,,,,,,,,,,,,,,,,,,,,,,,,,,,,,,,,,,,,,,,,
"5,500",1.35,"4,074",13.4901,"4,060.58",,,,,,,,,,,,,,,,,,,,,,,,,,,,,,,,,,,,,,,,,,,,,,,,
,,,,,,,,,,,,,,,,,,,,,,,,,,,,,,,,,,,,,,,,,,,,,,,,,,,,
,,,,,,,,,,,,,,,,,,,,,,,,,,,,,,,,,,,,,,,,,,,,,,,,,,,,
,Dec-25 (0 Month),,,,,,Jan-26 ( 1 Month) ,,,,,,Feb-26 ( 2 Month) ,,,,,,Mar-26 ( 3 Month) ,,,,,, APR-26 ( 4 Month) ,,,,,, MAY-26 ( 5 Month) ,,,,,,June 26 ( 6 Month) ,,,,,,June 26 ( 7 Month) ,,,,,,Aug 26 ( 8 Month) ,,,
DATE,TYPE OF FISH FEED,QUANTITY,DEAD FISH,,,DATE,TYPE OF FISH FEED,QUANTITY,DEAD FISH,,,DATE,TYPE OF FISH FEED,QUANTITY,DEAD FISH,,,DATE,TYPE OF FISH FEED,QUANTITY,DEAD FISH,,,DATE,TYPE OF FISH FEED,QUANTITY,DEAD FISH,,,DATE,TYPE OF FISH FEED,QUANTITY,DEAD FISH,,,DATE,TYPE OF FISH FEED,QUANTITY,DEAD FISH,,,DATE,TYPE OF FISH FEED,QUANTITY,DEAD FISH,,,DATE,TYPE OF FISH FEED,QUANTITY,DEAD FISH,
1,,,,,,1,,,,,,1,,,,,,1,SM0220,1,,,,1,UP02,1.5,,,,1,SM0220,1,,,,1,SM0320,1,,,,1,UP 03,1,,,,1,SM0320,2,,
2,,,,,,2,,,,,,2,,,,,,2,SM0220,1,1,,,2,UP02,1.5,,,,2,SM0220,1,,,,2,SM0320,1,,,,2,UP 03,1,,,,2,SM0320,2,,
3,,,,,,3,,,,,,3,,,,,,3,SM0220,1,,,,3,UP02,1,1,,,3,SM0220,1,,,,3,SM0320,1.5,,,,3,UP 03,1.5,,,,3,SM0320,2,,
4,,,,,,4,,,,,,4,SM0125,1,,,,4,SM0220,1,,,,4,UP02,1,,,,4,SM0320,1,1,,,4,SM0320,1,1,,,4,UP 03,1.5,,,,4,SM0320,2,,
5,,,,,,5,,,,,,5,,,1,,,5,SM0220,1,,,,5,UP02,1,1,,,5,SM0320,1,,,,5,SM0320,2,,,,5,UP 03,1,2,,,5,SM0320,2,,
6,,,,,,6,,,,,,6,SM0125,1,,,,6,SM0220,1,,,,6,UP02,2,,,,6,SM0320,1,,,,6,SM0320,1,,,,6,UP 03,1,,,,6,SM0320,2,,
7,,,,,,7,,,13,,,7,,,,,,7,SM0220,1,,,,7,UP02,1,,,,7,SM0320,1,2,,,7,SM0320,1,,,,7,UP 03,1,,,,7,SM0320,2,1,
8,,,,,,8,,,,,,8,,,,,,8,SM0220,1,,,,8,UP02,1.5,2,,,8,,,,,,8,SM0320,2,1,,,8,UP 03,1,1,,,8,SM0320,2,,
9,,,,,,9,,,,,,9,SM0125,1,,,,9,SM0220,1,,,,9,UP02,1.5,,,,9,SM0320,1,1,,,9,SM0320,1,,,,9,UP 03,2,,,,9,UP 04,1,,
10,,,,,,10,,,2,,,10,SM0125,1,,,,10,SM0220,1,,,,10,UP02,2,,,,10,SM0320,1,,,,10,SM0320,1.5,,,,10,UP 03,2,,,,10,UP 04,2,,
11,,,,,,11,,,,,,11,SM0125,1,1,,,11,SM0220,1,,,,11,UP02,1,1,,,11,SM0320,1,,,,11,SM0320,1,,,,11,UP 03,1,,,,11,UP 04,2,,
12,,,,,,12,,,,,,12,SM0125,1,,,,12,SM0220,1,1,,,12,UP02,1.5, ,,,12,SM0320,2,1,,,12,SM0320,2,,,,12,UP 03,1,,,,12,UP 04,2,,
13,,,,,,13,,,,,,13,,,,,,13,SM0220,1,,,,13,UP02,1.5,1,,,13,SM0320,2,,,,13,SM0320,1.5,,,,13,UP 03,1,,,,13,UP 04,2,,
14,,,,,,14,SM0125,1,,,,14,,,,,,14,SM0220,1,,,,14,UP02,1,,,,14,SM0320,1,,,,14,SM0320,1.5,,,,14,SM0320,2,,,,14,UP 04,2,,
15,,,,,,15,,,,,,15,,,,,,15,SM0220,1,,,,15,UP02,1,,,,15,SM0320,1.5,,,,15,SM0320,1.5,,,,15,SM0320,1,2,,,15,SM0320,2,,
16,,,,,,16,,,,,,16,SM0125,1,1,,,16,SM0220,1,,,,16,UP02,1,,,,16,SM0320,1.5,,,,16,SM0320,1.5,,,,16,,,,,,16,UP 04,1,,
17,,,,,,17,,,,,,17,,,,,,17,SM0220,1.5,2,,,17,UP02,1, ,,,17,SM0320,1, ,,,17,SM0320,1,,,,17,SM0320,2,,,,17,UP 04,2,,
18,,,,,,18,,,,,,18,SM0125,1,,,,18,SM0220,1.5,4,,,18,UP02,1, ,,,18,SM0320,1.5, ,,,18,SM0320,1,,,,18,SM0320,1,,,,18,UP 04,2,,
19,,,,,,19,,,,,,19,,,,,,19,SM0220,1.5,,,,19,UP02,1,,,,19,SM0320,1.5,,,,19,SM0320,2,,,,19,UP 03,1,,,,19,UP 04,2,,
20,,,,,,20,SM0125,1,,,,20,SM0125,1,1,,,20,SM0220,1.5,,,,20,UP02,1,,,,20,SM0320,1,,,,20,SM0320,2,,,,20,UP 03,2,1,,,20,UP 04,2,,
21,,,,,,21,,,,,,21,,,,,,21,SM0220,1.5,,,,21,UP02,1,,,,21,SM0320,1,,,,21,SM0320,1,,,,21,UP 03,2,,,,21,UP 04,2,,
22,,,,,,22,,,,,,22,SM0220,1,,,,22,SM0220,1.5,2,,,22,UP02,1, ,,,22,SM0320,1.5, ,,,22,SM0320,1,,,,22,UP 03,2,,,,22,UP 04,2,,
23,,,,,,23,,,1,,,23,SM0220,1,,,,23,SM0220,1,,,,23,UP02,1,,,,23,SM0320,1,,,,23,SM0320,1,,,,23,UP 03,1,,,,23,SM0420,1,,
24,,,,,,24,,,,,,24,SM0220,1,,,,24,SM0220,1.5,,,,24,UP02,1,,,,24,SM0320,2,,,,24,SM0320,2,,,,24,UP 03,2,,,,24,SM0420,2,,
25,,,,,,25,SM0125,1,,,,25,SM0220,1,,,,25,SM0220,1.5,1,,,25,UP02,1,,,,25,SM0320,1,,,,25,SM0320,1,,,,25,UP 03,2,,,,25,SM0420,2,,
26,,,,,,26,,,,,,26,SM0220,1,,,,26,SM0220,1.5,,,,26,UP02,1,,,,26,SM0320,1,,,,26,UP 03,1,,,,26,UP 03,2,,,,26,SM0420,2,,
27,SM0120,,1,,,27,,,,,,27,SM0220,1,,,,27,SM0220,1.5,1,,,27,UP02,1, ,,,27,SM0320,1, ,,,27,SM0320,2,,,,27,UP 03,2,,,,27,SM0420,2,,
28,,,,,,28,,,,,,28,SM0220,1,2,,,28,SM0220,1.5,,,,28,UP02,1,,,,28,SM0320,1,,,,28,SM0320,1,,,,28,UP 03,2,,,,28,SM0420,2,,
29,,,,,,29,SM0125,1,,,,29,,,,,,29,SM0220,1.5,,,,29,SM0220,1,,,,29,SM0320,1,,,,29,SM0320,1,,,,29,UP 03,2,1,,,29,SM0420,2,,
30,,,,,,30,,,1,,,30,,,,,,30,SM0220,1.5,,,,30,SM0220,1,,,,30,SM0320,1,,,,30,SM0320,1,,,,30,UP 03,2,,,,30,,,,
31,,,,,,31,SM0125,1,1,,,31,,,,,,31,SM0220,1.5,,,,31,,,,,,31,SM0320,1,,,,31,,,,,,31,UP 03,2,,,,31,,,,
,Total:,1,1,,,,Total:,5,18,,,,Total:,16,6,,,,Total,38,12,,,,Total,35,6,,,,Total,35.5,5,,, , Total:,40,2,,, , Total:,46,7,,, , Total:,55,1,
,,,,,,,,,,,,,,,,,,,,,,,,,,,,,,,,,,,,,,,,,,,,,,,,,,,,
Type of Fish Feed,Quantity,Qty (weight),Cost /Qty,Total Cost,,Type of Fish Feed,Quantity,Qty (weight),Cost /Qty,Total Cost,,Type of Fish Feed,Quantity,Qty (weight),Cost /Qty,Total Cost,,Type of Fish Feed,Quantity,Qty (weight),Cost /Qty,Total Cost,,Type of Fish Feed,Quantity,Qty (weight),Cost /Qty,Total Cost,,Type of Fish Feed,Quantity,Qty (weight),Cost /Qty,Total Cost,,Type of Fish Feed,Quantity,Qty (weight),Cost /Qty,Total Cost,,Type of Fish Feed,Quantity,Qty (weight),Cost /Qty,Total Cost,,Type of Fish Feed,Quantity,Qty (weight),Cost /Qty,Total Cost
SM0120,1,20,4.35,87,,SM0125,5,100,4.35,435,,SM0125,9,225,4.35,978.75,,SM0220,38,760,4.05,3078,,SM0220,2,40,4.05,162,,SM0220,3,60,4.05,243,,SM0320,39,780,3.85,3003,,SM0320,39,780,3.85,3003,,SM0320,18,360,3.85,1386
Total:,1,20,,87,,Total:,5,100,,435,,SM0220,7,140,4.05,567,,Total :,38,760,-,3078,,UP02,33,660,4.05,2673,,SM0320,32.5,650,3.85,2502.5,,UP 03,1,20,3.80,76,,UP 03,7,140,3.80,532,,UP 04,24,480,3.75,1800
,,,,,,,,,,,,Total:,16,365,-,1545.75,,,,,,,, Total :,35,700,,2835,, Total :,35.5,710,,2745.5,,Total,40,800,,3079,,Total,46,920,,"RM3,535.00",,SM0420,13,260,3.80,988
,,,,,,,,,,,,,,,,,,,,,,,,,,,,,,,,,,,,,,,,,,,,,,,,Total,55,740,,4174
,Feed Comsumed ,,,,,,Feed Comsumed ,,,,,,Feed Comsumed ,,,,,,Feed Comsumed ,,,,,,Feed Comsumed ,,,,,,Feed Comsumed ,,,,,,Feed Comsumed ,,,,,,Feed Comsumed ,,,,,,,,,
Packing Size,Gunny Quantity,Total Weight (kg),,,,Packing Size,Gunny Quantity,Total Weight (kg),,,,Packing Size,Gunny Quantity,Total Weight (kg),,,,Packing Size,Gunny Quantity,Total Weight (kg),,,,Packing Size,Gunny Quantity,Total Weight (kg),,,,Packing Size,Gunny Quantity,Total Weight (kg),,,,Packing Size,Gunny Quantity,Total Weight (kg),,,,Packing Size,Gunny Quantity,Total Weight (kg),,,,,Feed Comsumed ,,,
20,1,20,,,,25,5,125,,,,25,9,225,,,,20,38,760,,,,20,35,700,,,,20,35.5,710,,,,20,40,800,,,,20,46,920,,,,Packing Size,Gunny Quantity,Total Weight (kg),,
,Total:,20,,,,,Total:,125,,,,20,7,140,,,,,Total:,760,,,,,Total:,700,,,,,Total:,710,,,,,Total:,800,,,,,Total:,920,,,,20,55,1100,,
,,,,,,,,,,,,,Total:,365,,,,,,,,,,,,,,,,,,,,,,,,,,,,,,,,,,,Total:,1100,,
,,,,,,,,,,,,,,,,,,,,,,,,,Dead Fish Record,,,,,,Dead Fish Record,,,,,,Dead Fish Record,,,,,,Dead Fish Record,,,,,,,,,
,,,,,,,,,,,,,,,,,,,,,,,,Month, Tail,Average weight/tail ,Kg,,,Month, Tail,Average weight/tail ,Kg,,,Month, Tail,Average weight/tail ,Kg,,,Month, Tail,Average weight/tail ,Kg,,,,Dead Fish Record,,,
,Dead Fish Record,,,,,,Dead Fish Record,,,,,,Dead Fish Record,,,,,,Dead Fish Record,,,,,4,6,0.25,1.5,,,5,5,0.4,2,,,6,2,0.6,1.2,,,7,7,0.8,5.6,,,Month, Tail,Average weight/tail ,Kg,
Month, Tail,Average weight/tail ,Kg,,,Month, Tail,Average weight/tail ,Kg,,,Month, Tail,Average weight/tail ,Kg,,,Month, Tail,Average weight/tail ,Kg,,,,,,,,,,,,,,,,,,,,,,,,,,,8,1,1,1,
0,1,0.0001,0.0001,,,1,18,0.005,0.09,,,2,6,0.05,0.3,,,3,12,0.15,1.8,,,,,,,,,,,,,,,,,,,,,,,,,,,,,,,